{
  "usuarios": [
    {
      "id": 1,
      "nombre": "Melina",
      "apellido": "Clavero"
    },
    {
      "id": 2,
      "nombre": "Lucas",
      "apellido": "Capdevila"
    },
    {
      "id": 3,
      "nombre": "Exequiel",
      "apellido": "Camporesi"
    },
    {
      "id": 4,
      "nombre": "Bruno",
      "apellido": "Vidales"
    },
    {
      "id": 5,
      "nombre": "Alfredo",
      "apellido": "Ortiz"
    },
    {
      "id": 6,
      "nombre": "Fabian",
      "apellido": "Navarro"
    },
    {
      "id": 7,
      "nombre": "Cristian",
      "apellido": "Recabarren"
    }
  ]
}